"Contact Form",4_Comment
"[Translating Data] What is data?",test
"[Translating Data] What is data?",Gathered
"[Translating Data] What is data?",Essential
"[Translating Data] What is data?",Foundation
"[Translating Data] What is data?",discrete
"[Translating Data] What is data?",information
"[Translating Data] What is data?",Divisive
"[Translating Data] What is data?",information
"[Translating Data] What is data?",Information
"[Translating Data] What is data?",mutable
"[Translating Data] What is data?",Information
"[Translating Data] What is data?",information
"[Translating Data] What is data?",Knowledge
"[Translating Data] What is data?",Knowledge
"[Translating Data] What is data?",Knowledge
"[Translating Data] What is data?",information
"[Translating Data] What is data?",Information
"[Translating Data] What is data?",http://dl.gauss-pdf.com/GPDF199-DW-FIHKDR.pdf
"[Translating Data] What is data?",Useful
"[Translating Data] What is data?",Information
"[Translating Data] What is data?",Reflection
"[Translating Data] What is data?",Reflection
"[Translating Data] What is data?",Bouquet
"[Translating Data] What is data?",Research
"[Translating Data] What is data?",interpreta
"[Translating Data] What is data?",interpretation
"[Translating Data] What is data?",all
"[Translating Data] What is data?",life
"[Translating Data] What is data?",Knowledge
"[Translating Data] What is data?",Informatation
"[Translating Data] What is data?",Everything
"[Translating Data] What is data?",Bits
"[Translating Data] What is data?",Essential
"[Translating Data] What is data?",answers
"[Translating Data] What is data?","An android"
"[Translating Data] What is data?",Foundation
"[Translating Data] What is data?",Existence
"[Translating Data] What is data?",Information
"[Translating Data] What is data?",knowledge
"[Translating Data] What is data?",information
"[Translating Data] What is data?",information
"[Translating Data] What is data?",movement
"[Translating Data] What is data?",information
"[Translating Data] What is data?",Information.
"[Translating Data] What is data?",Binary
"[Translating Data] What is data?",Caricature
"[Translating Data] What is data?",Information
"[Translating Data] What is data?",misleading
"[Translating Data] What is data?",malleable
"[Translating Data] What is data?",biased
"[Translating Data] What is data?",truth
"[Translating Data] What is data?",story
"[Translating Data] What is data?",opportunity
"[Translating Data] What is data?",Raw
"[Translating Data] What is data?",information
"[Translating Data] What is data?",Info
"[Translating Data] What is data?",racialized
"[Translating Data] What is data?",moment
"[Translating Data] What is data?",Illuminating
"[Translating Data] What is data?",bad
"[Translating Data] What is data?",Memory
"[Translating Data] What is data?",Information
"[Translating Data] What is data?",knowledge
"[Translating Data] What is data?",time
"[Translating Data] What is data?",information
"[Translating Data] What is data?",Given
"[Translating Data] What is data?",information
"[Translating Data] What is data?",over
"[Translating Data] What is data?",Comforting
"[Translating Data] What is data?",Raw
"[Translating Data] What is data?",markings
"[Translating Data] What is data?",Stuff
"[Translating Data] What is data?",oppressive
"[Translating Data] What is data?",oppressive
"[Translating Data] What is data?",political
"[Translating Data] What is data?",energy
"[Translating Data] What is data?",love
"[Translating Data] What is data?",information
"[Translating Data] What is data?",robot
"[Translating Data] What is data?",capta
"[Translating Data] What is data?",power
"[Translating Data] What is data?",stuff
"[Translating Data] What is data?","0 and 1"
"[Translating Data] What is data?",digital
"[Translating Data] What is data?",all
"[Translating Data] What is data?",life
"[Translating Data] What is data?",information
"[Translating Data] What is data?",texture
"[Translating Data] What is data?",love
"[Translating Data] What is data?",sexy
"[Translating Data] What is data?",knowledge
"[Translating Data] What is data?",capta
"[Translating Data] What is data?",representation
"[Translating Data] What is data?",info
"[Translating Data] What is data?",answer
"[Translating Data] What is data?","an android"
"[Translating Data] What is data?",resources
"[Translating Data] What is data?",facts
"[Translating Data] What is data?",infowank
"[Translating Data] What is data?",over-rated
"[Translating Data] What is data?",evidence
"[Translating Data] What is data?",facts
"[Translating Data] What is data?",info
"[Translating Data] What is data?",everything
"[Translating Data] What is data?",bits
"[Translating Data] What is data?",invisible
"[Translating Data] What is data?",unreliable
"[Translating Data] What is data?",information
